tt0064418	nm0000659	1969	Adventure,Comedy,Musical
tt0066181	nm0000659	1970	Comedy,Drama,Fantasy
tt0066195	nm0000659	1970	Comedy
tt0069449	nm0000659	1972	Comedy,Drama
tt0069495	nm0000659	1972	Comedy
tt0070903	nm0000659	1973	Drama,Romance
tt0071514	nm0000659	1974	Comedy
tt0073026	nm0000659	1975	Biography,Comedy,Drama
tt0075265	nm0000659	1976	Drama,Music,Romance
tt0079510	nm0000659	1979	Comedy,Romance,Sport
tt0082001	nm0000659	1981	Comedy,Drama,Romance
tt0084033	nm0434712	1981	Drama
tt0086619	nm0000659	1983	Drama,Musical,Romance
tt0089146	nm0910607	1981	Adventure,Romance
tt0089555	nm0001099	1985	Drama
tt0089853	nm0001099	1985	Comedy,Fantasy,Romance
tt0091188	nm0001099	1986	Comedy,Drama
tt0091983	nm0001099	1986	Comedy,Crime,Romance
tt0092517	nm0434712	1987	Drama
tt0093660	nm0000659	1987	Drama,Thriller
tt0093918	nm0434712	1987	Drama
tt0095050	nm0000501	1988	Drama
tt0095333	nm0001099	1988	Thriller
tt0095792	nm0434712	1989	Comedy
tt0096200	nm0001099	1988	Comedy,Drama,Romance
tt0096870	nm0001191	1989	Comedy
tt0097052	nm0001099	1989	Comedy
tt0097351	nm0000501	1989	Drama,Family,Fantasy
tt0097701	nm0001435	1989	\N
tt0099052	nm0001099	1990	Comedy,Fantasy,Horror
tt0099685	nm0000501	1990	Biography,Crime,Drama
tt0100911	nm0001099	1990	Comedy,Drama
tt0101371	nm0000501	1992	Comedy,Drama
tt0101523	nm0001099	1991	Comedy,Fantasy
tt0101652	nm0719444	1992	Crime,Horror,Thriller
tt0102341	nm0001099	1990	Comedy,Drama
tt0102388	nm0000702	1991	Drama,Romance
tt0102713	nm0000659	1991	Drama,Romance
tt0103340	nm0910607	1991	Biography,Drama
tt0104316	nm0001288	1992	Comedy
tt0104362	nm0001099	1992	Mystery,Sci-Fi
tt0105316	nm0434712	1992	Drama,Musical
tt0105573	nm0001099	1992	Comedy,Crime,Romance
tt0105699	nm0000501	1992	Crime,Drama,Thriller
tt0106868	nm0000702	1993	Adventure,Drama,Family
tt0109068	nm0001191	1994	Comedy,Crime,Music
tt0109121	nm0910607	1995	\N
tt0109484	nm0000501	1994	Comedy,Drama,Romance
tt0109686	nm0001099	1994	Comedy
tt0110005	nm0000701	1994	Biography,Crime,Drama
tt0110044	nm0330687	1994	Comedy,Crime
tt0110475	nm0000139	1994	Comedy,Fantasy
tt0110612	nm0001337	1994	Comedy,Romance
tt0110678	nm0000501	1994	Action,Drama,Sci-Fi
tt0111036	nm0671567	1994	Drama,Family
tt0111048	nm0000702	1994	Comedy,Drama
tt0111250	nm0434712	1995	Comedy,Romance
tt0112508	nm0001191	1995	Comedy
tt0112572	nm0170550	1995	Comedy
tt0112697	nm0748620	1995	Comedy,Romance
tt0113253	nm0748620	1995	Horror,Thriller
tt0113613	nm0000139	1995	Comedy,Crime,Drama
tt0114048	nm0000501	1995	Action,Adventure,Comedy
tt0114388	nm0000701	1995	Drama,Romance
tt0114781	nm0001337	1995	Action,Thriller
tt0115433	nm0001099	1996	Adventure,Comedy,Crime
tt0115438	nm0001099	1996	Comedy,Crime,Thriller
tt0115438	nm0000234	1996	Comedy,Crime,Thriller
tt0115783	nm0001191	1996	Action,Comedy,Crime
tt0115798	nm0005182	1996	Comedy,Drama,Thriller
tt0115950	nm0005182	1996	Comedy,Drama,Romance
tt0116130	nm0001288	1996	Comedy
tt0116287	nm0000702	1996	Drama,Thriller
tt0116289	nm0000139	1996	Comedy,Crime,Drama
tt0116329	nm0001099	1996	Adventure,Drama,Family
tt0116361	nm0000702	1996	Comedy,Crime,Drama
tt0116409	nm0434712	1996	Adventure,Drama,Thriller
tt0116477	nm0000701	1996	Drama
tt0116483	nm0001191	1996	Comedy,Sport
tt0116502	nm0000139	1996	Comedy,Thriller
tt0116722	nm0000701	1996	Drama,Romance
tt0116731	nm0330687	1996	Drama,Thriller
tt0117057	nm0000659	1996	Comedy,Drama,Romance
tt0117660	nm0748620	1996	Comedy,Music
tt0117887	nm0000234	1996	Comedy,Drama,Music
tt0118040	nm0000501	1996	Drama,Mystery,Sci-Fi
tt0118073	nm0170550	1996	Comedy
tt0118617	nm0001288	1997	Adventure,Animation,Drama
tt0118748	nm0671567	1998	Crime,Thriller
tt0118866	nm0001435	1997	Comedy,Drama
tt0118887	nm0000501	1997	Crime,Drama,Thriller
tt0118971	nm0000234	1997	Drama,Mystery,Thriller
tt0119190	nm0005182	1997	Action,Adventure,Comedy
tt0119321	nm1478285	1997	\N
tt0119463	nm0434712	1997	Drama
tt0119535	nm0000139	1997	Comedy,Crime,Fantasy
tt0119594	nm0000702	1998	Crime,Drama,Mystery
tt0119738	nm0000139	1997	Comedy,Drama,Romance
tt0119846	nm0910607	1997	Biography,Drama
tt0119892	nm0000501	1998	Crime,Drama
tt0119947	nm0001337	1997	Adventure,Fantasy,Romance
tt0120032	nm0001435	1997	Comedy
tt0120062	nm0170550	1997	Comedy,Drama
tt0120338	nm0000701	1997	Drama,Romance
tt0120363	nm0001288	1999	Adventure,Animation,Comedy
tt0120373	nm0001099	1997	Comedy,Romance
tt0120373	nm0000234	1997	Comedy,Romance
tt0120390	nm0000501	1997	Action,Thriller
tt0120484	nm0001191	1998	Comedy,Sport
tt0120601	nm0000139	1999	Comedy,Drama,Fantasy
tt0120694	nm0931329	1998	Horror,Thriller
tt0120751	nm0000234	1998	Action,Adventure,Family
tt0120764	nm0001099	1999	Comedy,Family,Sci-Fi
tt0120772	nm0748620	1998	Comedy,Drama,Romance
tt0120777	nm0001435	1998	Comedy
tt0120789	nm0001099	1998	Comedy,Drama,Fantasy
tt0120789	nm0000702	1998	Comedy,Drama,Fantasy
tt0120888	nm0001191	1998	Comedy,Music,Romance
tt0120900	nm0001288	1998	Comedy
tt0122933	nm0001435	1999	Comedy,Crime
tt0124198	nm0000139	1998	Comedy,Crime,Thriller
tt0124315	nm0000234	1999	Drama,Romance
tt0125022	nm0000501	2001	Comedy,Crime,Romance
tt0126029	nm0000139	2001	Adventure,Animation,Comedy
tt0126886	nm0000702	1999	Comedy,Drama,Romance
tt0126908	nm0749263	1999	Comedy
tt0127629	nm0170550	1998	Drama,Romance
tt0127933	nm0434712	1998	Drama
tt0129387	nm0000139	1998	Comedy,Romance
tt0130297	nm0330687	1998	Drama,Romance
tt0130892	nm0910607	1998	Horror,Mystery
tt0133240	nm0330687	2002	Adventure,Animation,Family
tt0133412	nm0000702	1999	Crime,Drama,Thriller
tt0135165	nm0001337	1998	Comedy,Horror,Sci-Fi
tt0136244	nm0000701	1998	Adventure,Drama,Romance
tt0137118	nm0429069	1998	\N
tt0138304	nm0000234	1999	Drama,Sci-Fi,Thriller
tt0138594	nm0434712	1980	Drama
tt0138946	nm0000234	2000	Crime,Drama,Romance
tt0139134	nm0000702	1999	Drama,Romance
tt0140587	nm0006969	1998	Comedy,Drama,Romance
tt0142342	nm0001191	1999	Comedy,Drama
tt0144120	nm0001337	1998	Comedy,Horror
tt0144168	nm0931329	1999	Comedy
tt0144715	nm0000701	1999	Comedy,Drama
tt0145487	nm0290556	2002	Action,Adventure,Sci-Fi
tt0146838	nm0000139	1999	Drama,Sport
tt0146984	nm0000234	2000	Drama,Fantasy,Sport
tt0147800	nm0330687	1999	Comedy,Drama,Romance
tt0155753	nm0170550	1998	Comedy,Family
tt0156741	nm0749263	2000	Comedy,Romance
tt0157583	nm0000701	2001	Drama,Mystery,Romance
tt0157990	nm0910607	1998	Comedy,Romance
tt0159277	nm0671567	1999	Drama
tt0160127	nm0000139	2000	Action,Adventure,Comedy
tt0160275	nm0434712	2001	Action,Drama
tt0160572	nm0001288	1999	Comedy
tt0161743	nm0749263	1996	Comedy,Drama
tt0162983	nm0001435	2000	Comedy,Drama
tt0175142	nm0267506	2000	Comedy
tt0176426	nm0001099	1999	Comedy,Drama
tt0178642	nm0000139	2001	Drama
tt0179116	nm0931329	1999	Comedy,Drama,Romance
tt0179182	nm0000501	1999	Crime,Drama,Romance
tt0179526	nm0798971	1999	Comedy
tt0179626	nm0001288	2001	Action,Crime,Drama
tt0180073	nm0000701	2000	Biography,Drama
tt0180679	nm0001099	2001	Comedy,Fantasy
tt0183550	nm0126284	2000	Comedy,Drama,Romance
tt0184858	nm0000234	2000	Action,Adventure,Crime
tt0185431	nm0001191	2000	Comedy,Fantasy
tt0196723	nm0330687	2000	Comedy,Drama,Romance
tt0199626	nm0749263	2003	Mystery,Thriller
tt0199772	nm0749263	1995	Drama,Horror
tt0201899	nm0000501	2000	Drama
tt0203019	nm0000234	2000	Biography,Drama
tt0203053	nm0000501	2000	Action,Mystery,Thriller
tt0205936	nm0785227	2000	Crime,Mystery,Thriller
tt0206367	nm0000702	2001	Animation,Drama,Family
tt0210358	nm0000139	2000	Drama,Romance
tt0212985	nm0000501	2001	Crime,Drama,Thriller
tt0214388	nm0001337	2000	Comedy,Romance
tt0217505	nm0000139	2002	Crime,Drama
tt0219400	nm0000234	2002	Comedy,Romance
tt0219952	nm0001435	2000	Comedy,Crime
tt0221069	nm0001099	2000	Horror,Mystery,Thriller
tt0221073	nm0051509	2000	Biography,Crime,Drama
tt0230838	nm0000234	2001	Drama,Romance
tt0231781	nm0290556	2000	Drama,Thriller
tt0233691	nm0000701	1999	Adventure,Animation,Family
tt0239060	nm0441042	2001	Drama,Romance
tt0241025	nm0000702	2004	Drama
tt0245573	nm0749263	2002	Drama,Romance
tt0250494	nm0000702	2001	Comedy,Romance
tt0251094	nm0748620	2000	Action,Sci-Fi
tt0252684	nm0330687	2001	Drama
tt0253867	nm0000139	2002	Comedy,Romance
tt0255195	nm0126284	2000	Comedy,Drama,Romance
tt0255655	nm0006969	2003	Drama
tt0256415	nm0000702	2002	Comedy,Romance
tt0257106	nm0267506	2001	Comedy
tt0257818	nm0785227	2000	Drama
tt0258562	nm0910607	2000	Drama,Thriller
tt0259054	nm0006969	2001	Drama,Romance
tt0259711	nm0000139	2001	Fantasy,Mystery,Romance
tt0259929	nm0000701	2001	Animation,Family
tt0263725	nm0931329	2001	Drama
tt0264150	nm0749263	2003	Comedy,Romance
tt0265086	nm0051509	2001	Drama,History,War
tt0265808	nm0005182	2002	Comedy,Crime
tt0266732	nm0135221	2006	Drama
tt0266747	nm0001435	2003	Comedy,Music
tt0267891	nm0001337	2005	Comedy,Sport
tt0269095	nm0290556	2002	Crime,Drama,Mystery
tt0271263	nm0001191	2002	Animation,Comedy,Musical
tt0272020	nm0749263	2001	Action,Drama,Thriller
tt0272207	nm0000501	2002	Crime,Drama,Mystery
tt0272338	nm0001191	2002	Comedy,Drama,Romance
tt0273453	nm0001435	2002	Comedy,Drama
tt0278500	nm0000702	2002	Comedy,Drama,Romance
tt0278597	nm0051509	2002	Comedy
tt0279111	nm0001099	2003	Biography,Drama,History
tt0280380	nm0000234	2002	Action,Crime,Drama
tt0280590	nm0001191	2002	Comedy,Romance
tt0280778	nm0000701	2001	Biography,Drama,Romance
tt0282880	nm0748620	1992	\N
tt0283288	nm0748620	2001	Comedy,Drama,Romance
tt0286063	nm0008533	2001	\N
tt0286716	nm0051509	2003	Action,Sci-Fi
tt0289848	nm0001435	2002	Comedy,Crime
tt0289992	nm0000701	2003	Crime,Drama,Thriller
tt0291502	nm0006969	2002	Comedy,Romance
tt0292485	nm0170550	1997	Comedy,Thriller
tt0293624	nm0001099	2002	Comedy
tt0294380	nm0290556	2002	Drama,Thriller
tt0295718	nm0126284	2003	Comedy
tt0298148	nm0000139	2004	Adventure,Animation,Comedy
tt0298337	nm0670408	2006	Animation,Comedy
tt0299854	nm0785227	2002	Action,Crime,Drama
tt0300015	nm0126284	2003	Drama,Romance
tt0302640	nm0267506	2002	Comedy,Fantasy
tt0303361	nm0267506	2002	Drama,Horror
tt0305224	nm0001191	2003	Comedy
tt0305357	nm0000139	2003	Action,Adventure,Comedy
tt0305973	nm0290556	2002	Crime,Drama
tt0305999	nm0126284	2003	Comedy
tt0306047	nm0267506	2003	Comedy
tt0308644	nm0000701	2004	Biography,Drama,Family
tt0308878	nm0748620	2003	Comedy,Drama,Romance
tt0309377	nm0001099	2002	Action,Crime,Drama
tt0309698	nm0000501	2003	Mystery,Thriller
tt0314412	nm0749263	2003	Drama,Romance
tt0316654	nm0290556	2004	Action,Adventure,Sci-Fi
tt0317132	nm0001099	2005	Comedy,Drama,Family
tt0317740	nm0000234	2003	Action,Crime,Thriller
tt0320668	nm0748620	2003	Drama
tt0321442	nm0001288	2003	Comedy,Drama,Mystery
tt0324554	nm0126284	2004	Drama,Mystery,Romance
tt0326905	nm0290556	2005	Action,Drama,War
tt0329216	nm0001099	2003	Action,Crime,Drama
tt0329575	nm0006969	2003	Drama,History,Sport
tt0330111	nm0671567	2004	Comedy
tt0331314	nm0001288	2017	Adventure,Animation,Comedy
tt0331466	nm0001337	2003	Horror,Thriller
tt0332452	nm0051509	2004	Drama,History,Romance
tt0333780	nm0000702	2003	Comedy
tt0335013	nm0290556	2003	Drama,Music,Romance
tt0335266	nm0267506	2003	Drama
tt0335563	nm0001435	2003	Crime,Drama,Mystery
tt0337563	nm0749263	2004	Comedy,Fantasy,Romance
tt0337563	nm0785227	2004	Comedy,Fantasy,Romance
tt0337639	nm0931329	2004	Comedy
tt0338013	nm0000701	2004	Drama,Romance,Sci-Fi
tt0338097	nm0000234	2004	Drama,Romance,War
tt0338216	nm0051509	2007	Drama,Romance,Sport
tt0339642	nm0006969	2005	Comedy,Drama,Music
tt0340855	nm0000234	2003	Biography,Crime,Drama
tt0342735	nm0397171	2005	Drama
tt0343660	nm0001191	2004	Comedy,Drama,Romance
tt0346165	nm0290556	2002	Comedy,Drama
tt0348333	nm0267506	2005	Comedy
tt0350194	nm0001288	2004	Animation,Comedy,Family
tt0352520	nm0000234	2004	Biography,Comedy,Drama
tt0357413	nm0748620	2004	Comedy
tt0358273	nm0000702	2005	Biography,Drama,Music
tt0359950	nm1325419	2013	Adventure,Comedy,Drama
tt0361309	nm0749263	2004	Drama,Romance
tt0361693	nm0001435	2005	Comedy,Drama,Music
tt0362120	nm0267506	2006	Comedy
tt0362478	nm0000139	2009	Drama,Fantasy,Mystery
tt0365296	nm0798971	2004	Animation,Comedy,Horror
tt0365546	nm0434712	1989	Drama
tt0365686	nm0000501	2005	Action,Crime,Drama
tt0365748	nm0670408	2004	Comedy,Horror
tt0365748	nm0296545	2004	Comedy,Horror
tt0367089	nm0001099	2005	Comedy,Drama
tt0368222	nm0000701	2005	Comedy,Musical,Romance
tt0368447	nm0397171	2004	Drama,Mystery,Thriller
tt0369339	nm0749263	2004	Crime,Drama,Thriller
tt0369436	nm0000702	2008	Comedy,Drama,Romance
tt0369610	nm0397171	2015	Action,Adventure,Sci-Fi
tt0369994	nm0170306	2005	Comedy
tt0370986	nm0330687	2004	Drama,Mystery
tt0371246	nm0001191	2004	Comedy,Drama,Romance
tt0372873	nm0732497	2007	Action,Drama,Fantasy
tt0373024	nm0001099	2004	Comedy,Drama
tt0373024	nm0931329	2004	Comedy,Drama
tt0374584	nm0000501	2004	Crime,Sci-Fi,Thriller
tt0375154	nm0290556	2006	Action,Drama,Romance
tt0375568	nm0068338	2009	Action,Animation,Comedy
tt0375568	nm0000234	2009	Action,Animation,Comedy
tt0376006	nm0397171	2004	Comedy,Drama
tt0376196	nm0000501	2005	Drama,Mystery,Thriller
tt0381849	nm0503567	2007	Adventure,Crime,Drama
tt0382073	nm0006969	2005	Drama,Romance
tt0382357	nm0931329	2004	Drama,War
tt0383028	nm0931329	2008	Comedy,Drama
tt0384141	nm0931329	\N	Biography,Drama,Music
tt0384793	nm1706767	2006	Comedy
tt0385887	nm0005182	2019	Crime,Drama
tt0388125	nm0000139	2005	Comedy,Drama,Romance
tt0388795	nm0931329	2005	Drama
tt0389860	nm0001191	2006	Comedy,Drama,Fantasy
tt0391229	nm0798971	2006	Comedy,Romance
tt0392465	nm0170550	2005	Comedy,Drama,Romance
tt0393109	nm0330687	2005	Action,Crime,Drama
tt0395972	nm0000234	2005	Drama
tt0398165	nm0001191	2005	Comedy,Crime,Sport
tt0398375	nm0749263	2005	Comedy,Drama,Romance
tt0400739	nm0000701	2003	Drama
tt0401244	nm0006969	2005	Comedy,Romance
tt0401244	nm0931329	2005	Comedy,Romance
tt0402022	nm0000234	2005	Action,Sci-Fi
tt0403702	nm0000501	2009	Comedy,Drama,Romance
tt0403848	nm0290556	2005	Comedy,Drama
tt0404163	nm0001288	2006	Crime,Drama
tt0404203	nm0000701	2006	Drama,Romance
tt0404978	nm0000139	2012	Comedy,Crime
tt0405159	nm0059431	2004	Drama,Sport
tt0405422	nm0748620	2005	Comedy,Romance
tt0405676	nm0000701	2006	Drama,Thriller
tt0407205	nm0006969	2005	Drama
tt0408306	nm0051509	2005	Drama,History,Thriller
tt0412808	nm0931329	2006	Drama
tt0413267	nm0000139	2007	Adventure,Animation,Comedy
tt0414322	nm0008533	2004	Drama
tt0415141	nm0001099	2007	Comedy,Drama
tt0415141	nm0267506	2007	Comedy,Drama
tt0415306	nm0170550	2006	Action,Comedy,Sport
tt0415806	nm0290556	2005	Comedy
tt0417433	nm0290556	2006	Drama,Romance,Sport
tt0420294	nm0093589	2006	Horror
tt0422528	nm0798971	2005	Comedy,Documentary,Music
tt0422861	nm0748620	2006	Comedy,Drama,Romance
tt0423238	nm0267506	2005	Comedy,Romance
tt0424095	nm0000701	2006	Adventure,Animation,Comedy
tt0425055	nm0310966	2005	Comedy,Drama,Sport
tt0425112	nm0670408	2007	Action,Comedy
tt0425112	nm0296545	2007	Action,Comedy
tt0425123	nm0000702	2005	Comedy,Fantasy,Romance
tt0425123	nm0749263	2005	Comedy,Fantasy,Romance
tt0425413	nm0670408	2007	Comedy,Romance,Sport
tt0426462	nm0068338	2006	Comedy,Crime,Drama
tt0427152	nm0748620	2010	Comedy
tt0427470	nm0330687	2007	Crime,Drama,Thriller
tt0427470	nm0001099	2007	Crime,Drama,Thriller
tt0429173	nm0126284	2005	Crime,Drama,Romance
tt0429277	nm0001337	2006	Crime,Drama,Thriller
tt0430922	nm0748620	2008	Comedy
tt0430922	nm0006969	2008	Comedy
tt0431308	nm0001435	2007	Drama,Romance
tt0433383	nm0001099	2005	Biography,Drama,History
tt0433400	nm0267506	2005	Comedy,Romance
tt0434124	nm0296545	2005	Comedy,Drama,Music
tt0437405	nm0001099	2009	Comedy,Drama
tt0437405	nm0001435	2009	Comedy,Drama
tt0439630	nm1727100	2005	Action,Comedy,Drama
tt0439815	nm0006969	2006	Comedy,Horror,Sci-Fi
tt0443272	nm0330687	2012	Biography,Drama,History
tt0443559	nm0330687	2008	Crime,Drama,Thriller
tt0443706	nm0749263	2007	Crime,Drama,History
tt0445990	nm0006969	2006	Biography,Drama,Sport
tt0448011	nm0126284	2009	Drama,Mystery,Sci-Fi
tt0448134	nm0126284	2007	Adventure,Sci-Fi,Thriller
tt0448157	nm0000234	2008	Action,Crime,Drama
tt0450336	nm1055413	2009	Horror
tt0450972	nm0397171	2006	Comedy,Drama,Romance
tt0451187	nm1631269	2006	Horror,Mystery,Thriller
tt0452637	nm0397171	2006	Drama,Fantasy,Mystery
tt0452692	nm0126284	2008	Crime,Drama,Mystery
tt0452694	nm0051509	2009	Drama,Fantasy,Romance
tt0453494	nm0503567	2006	Adventure,Comedy,Family
tt0454824	nm0290556	2006	Action,Adventure,Drama
tt0454919	nm0068338	2006	Horror,Sci-Fi,Thriller
tt0454932	nm0068338	2006	Drama,Thriller
tt0455400	nm0000501	2006	Comedy,Romance
tt0455538	nm0670408	2008	Biography,Comedy,Drama
tt0455944	nm1631269	2014	Action,Crime,Thriller
tt0457400	nm1144419	2009	Adventure,Comedy,Sci-Fi
tt0457939	nm0000701	2006	Comedy,Romance
tt0457939	nm0000139	2006	Comedy,Romance
tt0458481	nm0330687	2014	Crime,Thriller
tt0460780	nm0000501	2007	Action,Adventure,Fantasy
tt0462023	nm0051509	2007	Biography,Drama
tt0462219	nm0290556	2008	Adventure,Comedy,Drama
tt0463854	nm0126284	2007	Drama,Horror,Sci-Fi
tt0464061	nm0059431	2006	Comedy,Drama,Romance
tt0465430	nm0785227	2008	Comedy,Crime,Horror
tt0465624	nm0267506	2006	Comedy,Romance,Sci-Fi
tt0465624	nm0933988	2006	Comedy,Romance,Sci-Fi
tt0466839	nm0748620	2007	Comedy,Drama,Romance
tt0466893	nm0749263	2011	Drama
tt0467200	nm0051509	2008	Biography,Drama,History
tt0469641	nm0671567	2006	Drama,History,Thriller
tt0469897	nm0748620	2006	Comedy,Drama
tt0469913	nm0290556	2007	Drama
tt0470000	nm1631269	2006	Drama,Fantasy,Horror
tt0472126	nm0000501	2006	Drama
tt0472160	nm0000702	2006	Comedy,Fantasy,Romance
tt0473444	nm1727100	2006	Action,Drama,Romance
tt0475271	nm0059431	2005	Drama,Fantasy,Romance
tt0475394	nm0000501	2006	Action,Crime,Drama
tt0477078	nm0447695	2007	Comedy,Drama
tt0478134	nm0000234	2007	Crime,Drama,Mystery
tt0478311	nm0736622	2007	Comedy,Romance
tt0478311	nm0001337	2007	Comedy,Romance
tt0478311	nm0748620	2007	Comedy,Romance
tt0478311	nm0005182	2007	Comedy,Romance
tt0478970	nm0748620	2015	Action,Adventure,Comedy
tt0481369	nm0503567	2007	Mystery,Thriller
tt0481649	nm0330687	\N	Adventure,Comedy,Family
tt0482603	nm0001099	2008	Adventure,Animation,Comedy
tt0483586	nm0000501	2010	Family,Sport
tt0486583	nm0006969	2007	Comedy,Family,Fantasy
tt0488085	nm0670408	2006	Comedy,Crime,Thriller
tt0489049	nm0059431	2009	Adventure,Comedy,Drama
tt0489049	nm0068338	2009	Adventure,Comedy,Drama
tt0489281	nm0330687	2008	Drama,War
tt0489282	nm1706767	2008	Adventure,Comedy
tt0490204	nm0001191	2007	Drama
tt0492619	nm1144419	2006	Comedy
tt0493405	nm0671567	2017	Action,Comedy,Crime
tt0494238	nm0785227	2008	Adventure,Family,Fantasy
tt0499603	nm1706767	2006	Comedy,Drama
tt0762107	nm0001191	2007	Comedy,Romance
tt0765476	nm0006969	2008	Adventure,Comedy,Family
tt0768212	nm0933988	2007	Drama,Family,Sci-Fi
tt0770703	nm0267506	2011	Comedy,Romance
tt0770703	nm0310966	2011	Comedy,Romance
tt0780608	nm0267506	2007	Comedy
tt0783767	nm1055413	2007	Drama,Romance
tt0785006	nm0001435	2009	Comedy,Family
tt0785007	nm0748620	2008	Comedy,Fantasy,Romance
tt0787474	nm0296545	2014	Adventure,Animation,Comedy
tt0790623	nm0503567	2007	Comedy,Drama
tt0790623	nm0006969	2007	Comedy,Drama
tt0790723	nm1706767	2008	Comedy,Romance
tt0796366	nm0670408	2009	Action,Adventure,Sci-Fi
tt0800039	nm0068338	2008	Comedy,Drama,Romance
tt0800039	nm0748620	2008	Comedy,Drama,Romance
tt0800240	nm0931329	2008	Crime,Drama,Mystery
tt0804463	nm0000702	2013	Biography,Crime,Drama
tt0804522	nm0000702	2007	Drama,Thriller
tt0810913	nm0001191	2011	Comedy
tt0810922	nm0267506	2011	Comedy,Drama,Romance
tt0810988	nm0565250	2007	Drama,Fantasy,Mystery
tt0811106	nm0748620	2007	Comedy,Romance
tt0814255	nm0503567	2010	Adventure,Family,Fantasy
tt0815236	nm0059431	2010	Comedy,Romance
tt0815245	nm0006969	2009	Drama,Horror,Mystery
tt0816545	nm0001435	2007	Comedy
tt0822854	nm0671567	2007	Action,Crime,Drama
tt0826613	nm0785227	2007	Drama,Thriller
tt0829482	nm1706767	2007	Comedy
tt0831884	nm0749263	2007	Crime,Drama,Thriller
tt0834540	nm2355635	2007	Comedy,Drama
tt0834941	nm0001099	2007	Adventure,Family
tt0837562	nm0001191	2012	Animation,Comedy,Family
tt0840322	nm0170550	2008	Drama,Sport
tt0842926	nm0749263	2010	Comedy,Drama,Romance
tt0844286	nm0749263	2008	Adventure,Comedy,Drama
tt0844471	nm0267506	2009	Action,Adventure,Animation
tt0847526	nm0785227	2007	Crime,Thriller
tt0848538	nm1727100	2008	Comedy,Sport
tt0852713	nm0267506	2008	Comedy,Romance
tt0861689	nm0749263	2008	Drama,Mystery,Sci-Fi
tt0864835	nm0170306	2014	Adventure,Animation,Comedy
tt0864835	nm0005182	2014	Adventure,Animation,Comedy
tt0870208	nm0066144	2010	Comedy
tt0874271	nm0447695	2009	Crime,Drama,Thriller
tt0874425	nm0565250	2008	Comedy
tt0884726	nm0001288	2013	Adventure,Animation,Family
tt0888693	nm0000234	2008	Drama
tt0891527	nm0671567	2007	Drama,Thriller,War
tt0892769	nm0059431	2010	Action,Adventure,Animation
tt0892782	nm0000702	2009	Action,Adventure,Animation
tt0892782	nm0933988	2009	Action,Adventure,Animation
tt0892782	nm0170306	2009	Action,Adventure,Animation
tt0892782	nm0736622	2009	Action,Adventure,Animation
tt0892791	nm0000139	2010	Adventure,Animation,Comedy
tt0896031	nm0397171	2008	Drama,Romance
tt0898367	nm0000234	2009	Adventure,Drama
tt0900387	nm0931329	2014	Drama,Romance,War
tt0903624	nm0785227	2012	Adventure,Family,Fantasy
tt0903657	nm0006969	2014	Biography,Drama,Music
tt0906326	nm0059431	2007	Comedy,Drama
tt0910554	nm0267506	2009	Comedy,Sci-Fi
tt0910936	nm0736622	2008	Action,Comedy,Crime
tt0910936	nm0290556	2008	Action,Comedy,Crime
tt0910936	nm0170550	2008	Action,Comedy,Crime
tt0910936	nm1144419	2008	Action,Comedy,Crime
tt0913413	nm0447695	2009	Comedy,Drama,Music
tt0913445	nm1378320	2007	Comedy,Drama,Romance
tt0918940	nm0910607	2016	Action,Adventure,Drama
tt0924129	nm0000501	2009	Crime,Drama
tt0945321	nm0434712	2007	Drama
tt0959337	nm0000701	2008	Drama,Romance
tt0960144	nm0001191	2008	Action,Comedy
tt0960731	nm0001191	2008	Comedy,Family,Fantasy
tt0962726	nm1374980	2008	Comedy,Drama,Family
tt0963966	nm0059431	2010	Action,Adventure,Family
tt0970179	nm1631269	2011	Adventure,Drama,Family
tt0974661	nm1374980	2009	Comedy,Drama,Fantasy
tt0974661	nm0005182	2009	Comedy,Drama,Fantasy
tt0976036	nm0732497	2008	Comedy
tt0976051	nm0000701	2008	Drama,Romance
tt0977214	nm0000501	2008	Action,Crime,Drama
tt0978762	nm0051509	2009	Animation,Comedy,Drama
tt0981072	nm0671567	2008	Comedy,Drama,War
tt0983193	nm0785227	2011	Action,Adventure,Animation
tt0983193	nm0670408	2011	Action,Adventure,Animation
tt0983909	nm0059431	2008	Comedy,Drama
tt0984200	nm0931329	2008	Drama,Romance,Thriller
tt0988595	nm0001337	2008	Comedy,Romance
tt0990407	nm0736622	2011	Action,Comedy,Crime
tt0990407	nm1727100	2011	Action,Comedy,Crime
tt0990407	nm0910607	2011	Action,Comedy,Crime
tt0990407	nm0000139	2011	Action,Comedy,Crime
tt0993842	nm0051509	2011	Action,Drama,Thriller
tt0993846	nm1706767	2013	Biography,Comedy,Crime
tt0995060	nm0066144	2007	Comedy
tt1001526	nm1706767	2010	Action,Animation,Comedy
tt1007028	nm0736622	2008	Comedy,Romance
tt1007028	nm0006969	2008	Comedy,Romance
tt1007028	nm0732497	2008	Comedy,Romance
tt1007028	nm0066144	2008	Comedy,Romance
tt1013743	nm0000139	2010	Action,Comedy,Romance
tt1016075	nm0001288	2009	Comedy,Drama,Musical
tt1020530	nm1055413	2008	Horror,Thriller
tt1020558	nm1055413	2010	Action,Adventure,Drama
tt1022603	nm0330687	2009	Comedy,Drama,Romance
tt1022603	nm1631269	2009	Comedy,Drama,Romance
tt1027862	nm0001288	2008	Comedy,Drama
tt1031969	nm0933988	2008	Comedy,Music
tt1032819	nm0000501	2009	Drama
tt1032825	nm0001435	2009	Drama
tt1033643	nm0000139	2008	Comedy,Romance
tt1034010	nm2002649	2011	Comedy,Horror
tt1034415	nm1631269	2018	Fantasy,Horror,Mystery
tt1037226	nm0785227	\N	Action,Adventure,Animation
tt1037850	nm1727100	2007	Drama,Fantasy,Music
tt1038043	nm0931329	2009	Drama,Romance
tt1043838	nm0170550	2008	Action,Drama,Mystery
tt1045772	nm0005182	2009	Biography,Comedy,Crime
tt1049402	nm0290556	2010	Biography,Drama,Romance
tt1055292	nm0001337	2010	Comedy,Drama,Romance
tt1058017	nm1706767	2009	Comedy,Fantasy,Romance
tt1058743	nm1325419	2008	Comedy
tt1060277	nm0135221	2008	Action,Horror,Sci-Fi
tt1067583	nm0000702	2011	Drama,Romance
tt1067583	nm0910607	2011	Drama,Romance
tt1068641	nm0000234	2008	Crime,Drama,Romance
tt1075747	nm1055413	2010	Action,Drama,Fantasy
tt1078588	nm0000139	2009	Drama,Family
tt1079968	nm1631269	2009	Adventure,Comedy,Family
tt1086216	nm0330687	2008	Drama,Romance,Thriller
tt1086772	nm0001191	2014	Comedy,Romance
tt1092026	nm0670408	2011	Adventure,Comedy,Sci-Fi
tt1092026	nm0296545	2011	Adventure,Comedy,Sci-Fi
tt1092026	nm0736622	2011	Adventure,Comedy,Sci-Fi
tt1092026	nm1904886	2011	Adventure,Comedy,Sci-Fi
tt1100089	nm0749263	2014	Biography,Drama,Sport
tt1103153	nm0001337	2010	Action,Comedy,Romance
tt1103273	nm0798971	2010	Comedy,Drama
tt1103273	nm0933988	2010	Comedy,Drama
tt1111918	nm0000501	2009	Action,Crime,Drama
tt1120985	nm0931329	2010	Drama,Romance
tt1126590	nm0910607	2014	Biography,Crime,Drama
tt1127221	nm1631269	2009	Thriller
tt1130884	nm0749263	2010	Mystery,Thriller
tt1131729	nm0296545	2009	Comedy,Drama,Music
tt1133991	nm0749263	2008	Crime,Drama
tt1133993	nm0068338	2009	Comedy,Crime,Romance
tt1142988	nm0001337	2009	Comedy,Romance
tt1143896	nm0310966	2010	Biography,Crime,Drama
tt1150947	nm0006969	2008	Drama,Romance
tt1152850	nm0931329	2008	Drama
tt1155056	nm0748620	2009	Comedy,Romance
tt1155056	nm0429069	2009	Comedy,Romance
tt1172233	nm1325419	2009	Drama,Sport
tt1175491	nm0006969	2008	Biography,Drama,History
tt1175506	nm1374980	2008	Comedy,Drama
tt1185416	nm0068338	2010	Comedy,Romance
tt1185431	nm0503567	2009	Adventure,Biography,Comedy
tt1185836	nm0126284	2009	Drama,Romance
tt1187041	nm0001099	2009	Comedy,Romance
tt1190617	nm0001288	2008	Comedy,Fantasy
tt1193138	nm0447695	2009	Drama,Romance
tt1196134	nm0000501	2010	Comedy,Crime
tt1197628	nm0736622	2009	Comedy,Crime,Drama
tt1197628	nm0267506	2009	Comedy,Crime,Drama
tt1197628	nm0000501	2009	Comedy,Crime,Drama
tt1197628	nm0671567	2009	Comedy,Crime,Drama
tt1201167	nm0001191	2009	Comedy,Drama
tt1201167	nm0736622	2009	Comedy,Drama
tt1201167	nm0005182	2009	Comedy,Drama
tt1201167	nm0051509	2009	Comedy,Drama
tt1204342	nm0429069	2011	Adventure,Comedy,Family
tt1204343	nm0785227	\N	Adventure,Animation,Comedy
tt1205558	nm1631269	2011	Comedy,Drama
tt1210166	nm1706767	2011	Biography,Drama,Sport
tt1212419	nm0397171	2010	Drama,Fantasy
tt1213663	nm0670408	2013	Action,Comedy,Sci-Fi
tt1213663	nm0296545	2013	Action,Comedy,Sci-Fi
tt1225822	nm1325419	2009	Comedy,Crime,Romance
tt1226229	nm1706767	2010	Adventure,Comedy,Music
tt1226229	nm0126284	2010	Adventure,Comedy,Music
tt1228987	nm1631269	2010	Drama,Fantasy,Horror
tt1229238	nm0670408	2011	Action,Adventure,Thriller
tt1229340	nm0748620	2013	Comedy
tt1229822	nm1055413	2011	Drama,Romance
tt1231587	nm0732497	2010	Comedy,Sci-Fi
tt1232200	nm0001191	2012	Comedy
tt1232776	nm1055413	2009	Drama
tt1232829	nm1706767	2012	Action,Comedy,Crime
tt1237838	nm2255973	2009	Comedy,Crime,Mystery
tt1240982	nm1144419	2011	Adventure,Comedy,Fantasy
tt1240982	nm0290556	2011	Adventure,Comedy,Fantasy
tt1245492	nm0290556	2013	Comedy,Fantasy
tt1245492	nm1706767	2013	Comedy,Fantasy
tt1245492	nm0736622	2013	Comedy,Fantasy
tt1245492	nm0059431	2013	Comedy,Fantasy
tt1250777	nm1631269	2010	Action,Comedy
tt1253872	nm0066144	\N	Drama
tt1268970	nm0135221	2010	Drama,Thriller,Western
tt1270277	nm0749263	2010	Drama
tt1270797	nm0931329	2018	Action,Horror,Sci-Fi
tt1270798	nm1055413	2011	Action,Adventure,Sci-Fi
tt1276104	nm0330687	2012	Action,Crime,Drama
tt1276105	nm0798971	2009	Comedy,Drama
tt1284575	nm0000139	2011	Comedy
tt1286753	nm2053085	2010	Comedy,Drama
tt1289401	nm0565250	2016	Action,Comedy,Fantasy
tt1289401	nm1325419	2016	Action,Comedy,Fantasy
tt1291566	nm0503567	2017	Drama,Mystery
tt1292566	nm0005182	2016	Comedy,Romance
tt1295072	nm0059431	2009	Comedy,Drama
tt1298649	nm1706767	2012	Action,Comedy,Sci-Fi
tt1302067	nm0267506	2010	Adventure,Animation,Comedy
tt1306980	nm0330687	2011	Comedy,Drama,Romance
tt1306980	nm0736622	2011	Comedy,Drama,Romance
tt1306980	nm0447695	2011	Comedy,Drama,Romance
tt1306980	nm0397171	2011	Comedy,Drama,Romance
tt1308728	nm0006969	2018	Comedy,Crime,Mystery
tt1308728	nm0565250	2018	Comedy,Crime,Mystery
tt1311066	nm1055413	\N	Drama
tt1318514	nm0290556	2011	Action,Drama,Sci-Fi
tt1318514	nm0785227	2011	Action,Drama,Sci-Fi
tt1327194	nm1374980	2012	Drama,Romance
tt1328865	nm1727100	2009	Action,Adventure,Fantasy
tt1336617	nm1706767	2010	Comedy,Drama,Romance
tt1337047	nm0000234	2016	Documentary
tt1340773	nm0330687	2010	Comedy,Drama
tt1341188	nm0000702	2010	Comedy,Drama,Romance
tt1341188	nm0748620	2010	Comedy,Drama,Romance
tt1347509	nm1378320	2009	Comedy
tt1355630	nm1631269	2014	Drama,Fantasy,Music
tt1361318	nm0290556	2014	Action,Crime,Thriller
tt1366344	nm1706767	2011	Comedy
tt1366344	nm0310966	2011	Comedy
tt1368870	nm0000501	2012	Thriller
tt1375666	nm0330687	2010	Action,Adventure,Sci-Fi
tt1375670	nm0001191	2010	Comedy
tt1381695	nm0001288	2008	Documentary,War
tt1386691	nm0933988	2017	Crime,Drama,Mystery
tt1389072	nm0910607	2017	Comedy,Drama,Sci-Fi
tt1389072	nm1325419	2017	Comedy,Drama,Sci-Fi
tt1389127	nm1631269	2011	Crime,Drama,History
tt1392190	nm0000234	2015	Action,Adventure,Sci-Fi
tt1393020	nm0785227	2010	Biography,Drama,Music
tt1396523	nm0000501	2014	Action,Crime,Drama
tt1403177	nm0330687	2010	Comedy,Drama
tt1403177	nm0933988	2010	Comedy,Drama
tt1405365	nm0429069	2012	Comedy,Drama,Romance
tt1412528	nm0447695	2017	Comedy,Drama,Romance
tt1412528	nm0001435	2017	Comedy,Drama,Romance
tt1412528	nm0732497	2017	Comedy,Drama,Romance
tt1413492	nm0671567	2018	Action,Drama,History
tt1414382	nm0068338	2010	Comedy,Family,Romance
tt1426329	nm0290556	2013	Biography,Drama
tt1433207	nm0006969	2011	Comedy,Drama
tt1433207	nm0000501	2011	Comedy,Drama
tt1438254	nm1374980	2010	Drama,Fantasy,Romance
tt1446714	nm1055413	2012	Adventure,Mystery,Sci-Fi
tt1446714	nm0000234	2012	Adventure,Mystery,Sci-Fi
tt1453403	nm0290556	2010	Crime,Drama
tt1454029	nm0397171	2011	Drama
tt1456635	nm0059431	2011	Comedy,Sport
tt1458175	nm0006969	2010	Action,Crime,Drama
tt1460660	nm0933988	2010	Documentary
tt1462756	nm0429069	\N	Animation,Comedy,Family
tt1462756	nm0565250	\N	Animation,Comedy,Family
tt1462756	nm0093589	\N	Animation,Comedy,Family
tt1462756	nm0736622	\N	Animation,Comedy,Family
tt1462901	nm0748620	2013	Comedy,Drama
tt1464191	nm0429069	2013	Drama
tt1464763	nm0748620	2018	Mystery,Sci-Fi,Thriller
tt1468846	nm0447695	2016	Comedy
tt1469304	nm1374980	2017	Action,Comedy,Crime
tt1470023	nm1325419	2010	Action,Comedy,Romance
tt1473397	nm0310966	2011	Comedy
tt1478338	nm1325419	2011	Comedy,Romance
tt1478338	nm0126284	2011	Comedy,Romance
tt1482459	nm1374980	2012	Adventure,Animation,Comedy
tt1485796	nm0931329	2017	Biography,Drama,Musical
tt1485796	nm1374980	2017	Biography,Drama,Musical
tt1488555	nm0005182	2011	Comedy,Fantasy
tt1490017	nm0006969	2014	Action,Adventure,Animation
tt1491044	nm0290556	2012	Action,Biography,Crime
tt1496422	nm1374980	2012	Crime,Drama,Horror
tt1502714	nm0429069	2010	Drama,Romance
tt1506999	nm1055413	2011	Action,Thriller
tt1509767	nm0503567	2011	Action,Adventure,Romance
tt1509788	nm2053085	2013	Adventure,Comedy
tt1511476	nm0170550	2011	Drama
tt1512235	nm0933988	2010	Comedy,Drama
tt1518812	nm0931329	2010	Drama,Western
tt1524575	nm0671567	2015	Horror,Thriller
tt1531663	nm0671567	2010	Comedy,Drama
tt1542344	nm0290556	2010	Adventure,Biography,Drama
tt1547234	nm0330687	2012	Action,Crime,Thriller
tt1551630	nm0000501	2013	Action,Crime,Mystery
tt1563742	nm0267506	2018	Comedy,Romance
tt1564367	nm0001191	2011	Comedy,Romance
tt1567437	nm0447695	2014	Comedy,Crime,Horror
tt1568338	nm0006969	2012	Action,Adventure,Crime
tt1571222	nm1055413	2011	Biography,Drama,Romance
tt1571249	nm1325419	2014	Comedy,Drama,Romance
tt1576440	nm0059431	2010	Drama,Thriller
tt1586265	nm0000139	2012	Comedy,Drama,Romance
tt1591095	nm0126284	2010	Horror,Mystery,Thriller
tt1592265	nm0290556	2012	Drama
tt1592281	nm0931329	2011	Comedy,Drama
tt1592281	nm0736622	2011	Comedy,Drama
tt1592281	nm0798971	2011	Comedy,Drama
tt1592281	nm1378320	2011	Comedy,Drama
tt1596350	nm0000702	2012	Action,Comedy,Romance
tt1598778	nm0000701	2011	Drama,Thriller
tt1598828	nm0001337	2012	Action,Comedy,Crime
tt1605717	nm1055413	2014	Comedy,Drama,Music
tt1606390	nm0000501	2011	Drama,Sport
tt1618421	nm0434712	2010	Drama,Family
tt1620449	nm0785227	2010	Adventure,Animation,Comedy
tt1620680	nm0000702	2018	Adventure,Family,Fantasy
tt1621046	nm0671567	2014	Biography,Drama
tt1622547	nm1144419	2011	Action,Comedy,Crime
tt1623205	nm0290556	2013	Adventure,Comedy,Drama
tt1623205	nm0931329	2013	Adventure,Comedy,Drama
tt1623288	nm0447695	2012	Adventure,Animation,Comedy
tt1623745	nm0005182	2011	Drama
tt1623788	nm0135221	2012	Comedy
tt1625346	nm0000234	2011	Comedy,Drama
tt1626146	nm0670408	2014	Adventure,Comedy,Drama
tt1630029	nm0000701	2020	Action,Adventure,Fantasy
tt1637706	nm0748620	2011	Comedy,Drama
tt1637706	nm0006969	2011	Comedy,Drama
tt1645170	nm0267506	2012	Comedy
tt1646971	nm0059431	2014	Action,Adventure,Animation
tt1650535	nm0000501	2011	Crime,Thriller
tt1650554	nm1631269	2013	Action,Comedy,Crime
tt1653915	nm0434712	2008	Comedy,Drama
tt1655420	nm0931329	2011	Biography,Drama
tt1655460	nm0748620	2012	Comedy,Romance
tt1657283	nm0066144	2011	Comedy,Drama,Music
tt1659337	nm0503567	2012	Drama,Romance
tt1659337	nm0748620	2012	Drama,Romance
tt1667310	nm0051509	2012	Crime,Drama,Thriller
tt1670345	nm0749263	2013	Crime,Mystery,Thriller
tt1679335	nm0447695	2016	Adventure,Animation,Comedy
tt1690953	nm1325419	2013	Adventure,Animation,Comedy
tt1691921	nm0000702	\N	Comedy,Family,Fantasy
tt1692084	nm0135221	2011	Comedy
tt1692486	nm0000701	2011	Comedy,Drama
tt1692486	nm0910607	2011	Comedy,Drama
tt1694020	nm0000659	2012	Comedy,Drama
tt1694020	nm0736622	2012	Comedy,Drama
tt1694020	nm0719444	2012	Comedy,Drama
tt1694020	nm1478285	2012	Comedy,Drama
tt1698648	nm1325419	2012	Comedy
tt1699755	nm0732497	2013	Comedy,Romance
tt1700841	nm0736622	2016	Adventure,Animation,Comedy
tt1700841	nm1325419	2016	Adventure,Animation,Comedy
tt1700841	nm1706767	2016	Adventure,Animation,Comedy
tt1700841	nm0008533	2016	Adventure,Animation,Comedy
tt1706598	nm0006969	2014	Crime,Drama,Mystery
tt1707380	nm0290556	2015	Drama
tt1715344	nm0001099	2013	Drama
tt1716777	nm0006969	2012	Comedy,Drama
tt1723811	nm1055413	2011	Drama
tt1727770	nm0670408	2015	Comedy,Sci-Fi
tt1727885	nm0170550	2011	Action,Comedy,Horror
tt1735898	nm0000234	2012	Action,Adventure,Drama
tt1735907	nm0290556	2015	Crime,Drama,Thriller
tt1738387	nm0000501	2011	Crime,Mystery,Thriller
tt1742650	nm0001288	2011	Comedy,Romance
tt1754024	nm0910607	1981	Drama
tt1756791	nm0290556	2011	Biography,Drama,History
tt1758810	nm1055413	2017	Crime,Drama,Mystery
tt1758830	nm0748620	2012	Comedy,Romance
tt1758830	nm0005182	2012	Comedy,Romance
tt1764234	nm0000501	2012	Crime,Thriller
tt1767272	nm1378320	2011	Horror,Thriller
tt1772271	nm0135221	2012	Comedy
tt1772341	nm0798971	2012	Adventure,Animation,Comedy
tt1785635	nm0290556	2017	Horror,Thriller
tt1794943	nm0290556	2011	Biography,Drama
tt1799557	nm3255459	2011	Comedy,Crime
tt1800246	nm1374980	2014	Comedy,Romance
tt1800302	nm0397171	2016	Adventure,Drama,Thriller
tt1807944	nm0290556	2013	Drama
tt1809276	nm0000659	\N	Biography,Comedy,Drama
tt1814621	nm0748620	2013	Comedy,Drama,Romance
tt1821658	nm0001337	2014	Adventure,Animation,Comedy
tt1823664	nm0000139	2014	Comedy,Drama,Family
tt1823664	nm0126284	2014	Comedy,Drama,Family
tt1828968	nm0059431	2014	Comedy,Drama
tt1837636	nm0290556	2015	Biography,Drama,History
tt1840309	nm0000701	2014	Adventure,Mystery,Sci-Fi
tt1847548	nm0000501	2012	Thriller
tt1853728	nm0910607	2012	Drama,Western
tt1854564	nm0503567	2013	Adventure,Family,Fantasy
tt1855199	nm0671567	2012	Action,Crime,Drama
tt1855199	nm0447695	2012	Action,Crime,Drama
tt1860213	nm1374980	2016	Comedy
tt1869653	nm0066144	2012	Comedy,Sci-Fi
tt1872818	nm1374980	2012	Comedy,Drama,Romance
tt1878942	nm0170550	2014	Comedy,Drama,Romance
tt1879032	nm0732497	2013	Comedy,Fantasy
tt1879032	nm0447695	2013	Comedy,Fantasy
tt1881109	nm0290556	2018	Comedy,Drama
tt1881109	nm2002649	2018	Comedy,Drama
tt1895587	nm0749263	2015	Crime,Drama,History
tt1920849	nm0135221	2012	Comedy,Romance
tt1931435	nm0001337	2013	Comedy,Drama,Romance
tt1932718	nm0749263	2012	Comedy,Drama,Romance
tt1937449	nm1374980	2012	Drama,Sport,Thriller
tt1939659	nm1631269	2013	Drama,Horror
tt1945062	nm0290556	2012	Drama
tt1956620	nm0000139	2014	Comedy,Romance
tt1956637	nm0434712	2012	Drama,History
tt1965065	nm0135221	2012	Comedy,Romance
tt1967545	nm0000701	2013	Drama,Romance
tt1967614	nm0005182	2016	Comedy
tt1969062	nm0749263	2014	Comedy,Drama,Romance
tt1972646	nm0290556	2011	Biography,Documentary
tt1977817	nm0434712	2011	Action,Drama
tt1980929	nm0749263	2013	Comedy,Drama,Music
tt1981677	nm0447695	2012	Comedy,Music,Romance
tt1985949	nm1144419	2016	Action,Adventure,Animation
tt1985966	nm0267506	2013	Action,Adventure,Animation
tt1996264	nm0310966	2012	Comedy
tt2004420	nm0736622	2014	Comedy
tt2004420	nm0126284	2014	Comedy
tt2004420	nm1374980	2014	Comedy
tt2004420	nm0001435	2014	Comedy
tt2005151	nm1706767	2016	Comedy,Crime,Drama
tt2005164	nm0000501	2012	Comedy,Thriller
tt2005408	nm0000702	\N	Comedy,Drama,Fantasy
tt2006040	nm0670408	2012	Comedy
tt2024432	nm0565250	2013	Comedy,Crime
tt2024544	nm1055413	2013	Biography,Drama,History
tt2025690	nm0051509	2016	Action,Drama,History
tt2034031	nm1631269	2014	Comedy,Drama,Romance
tt2053423	nm1325419	2012	Comedy,Drama
tt2059187	nm0059431	\N	Comedy
tt2062700	nm1055413	2017	Drama,Music,Romance
tt2063011	nm1727100	2012	Action,Drama,Thriller
tt2063626	nm0170550	2014	Drama
tt2080374	nm1055413	2015	Biography,Drama
tt2080374	nm0000701	2015	Biography,Drama
tt2080374	nm0736622	2015	Biography,Drama
tt2080374	nm0001099	2015	Biography,Drama
tt2091935	nm0447695	2015	Action,Comedy,Romance
tt2094766	nm1055413	2016	Action,Adventure,Fantasy
tt2094856	nm0910607	2012	Documentary
tt2096672	nm0001099	2014	Adventure,Comedy
tt2097307	nm0068338	2012	Action,Comedy,Romance
tt2103254	nm0565250	2014	Comedy,Romance
tt2103281	nm0785227	2014	Action,Adventure,Drama
tt2120120	nm0001191	2015	Action,Comedy,Fantasy
tt2133333	nm0290556	2012	Biography,Drama,Romance
tt2137359	nm0000501	2013	Thriller
tt2139881	nm0785227	2019	Comedy
tt2139881	nm0000234	2019	Comedy
tt2139881	nm2053085	2019	Comedy
tt2139881	nm0736622	2019	Comedy
tt2140479	nm0447695	2016	Action,Crime,Drama
tt2140629	nm1144419	2018	Comedy
tt2158731	nm0170550	2009	Drama
tt2170593	nm0565250	2014	Comedy,Drama
tt2171791	nm0290556	2015	Drama,Family,Thriller
tt2172891	nm0290556	2012	Comedy,Documentary,Thriller
tt2172985	nm0059431	2013	Comedy,Crime,Thriller
tt2180411	nm0447695	2014	Adventure,Comedy,Drama
tt2191701	nm0001191	2013	Comedy
tt2193215	nm1055413	2013	Crime,Drama,Thriller
tt2193215	nm0000139	2013	Crime,Drama,Thriller
tt2195548	nm0748620	2013	Comedy,Drama
tt2201221	nm0068338	2013	Comedy,Drama
tt2203939	nm0000139	2014	Comedy,Romance
tt2203939	nm0005182	2014	Comedy,Romance
tt2218003	nm0051509	2013	Crime,Drama,Mystery
tt2226417	nm0126284	2013	Horror,Mystery,Thriller
tt2226597	nm0000701	2017	Action,Adventure,Drama
tt2229499	nm0330687	2013	Comedy,Drama,Romance
tt2234025	nm2355635	2013	Comedy
tt2234155	nm0126284	2013	Comedy
tt2244901	nm0126284	2013	Comedy,Romance
tt2249081	nm0051509	2017	Thriller
tt2265398	nm0447695	2013	Comedy,Drama,Romance
tt2265534	nm0068338	2013	Drama,Romance
tt2268016	nm0093589	2015	Comedy,Drama,Music
tt2273657	nm0290556	2015	Crime,Drama,Mystery
tt2273657	nm1706767	2015	Crime,Drama,Mystery
tt2294449	nm1706767	2014	Action,Comedy,Crime
tt2294629	nm0068338	2013	Adventure,Animation,Comedy
tt2304933	nm1631269	2016	Action,Adventure,Sci-Fi
tt2305051	nm0000702	2014	Adventure,Biography,Drama
tt2312718	nm0290556	2013	Action,Crime,Drama
tt2316204	nm1055413	2017	Horror,Sci-Fi,Thriller
tt2316204	nm1144419	2017	Horror,Sci-Fi,Thriller
tt2316479	nm2355635	2018	Comedy
tt2321502	nm0933988	2015	Drama,Sci-Fi,Thriller
tt2326574	nm0000501	2014	Drama,Music
tt2333804	nm0910607	2013	Comedy,Drama,Fantasy
tt2345112	nm1374980	2013	Drama,History,Mystery
tt2351102	nm0066144	\N	Drama
tt2352488	nm0290556	2013	Documentary
tt2358925	nm2002649	2015	Comedy
tt2365580	nm1325419	2018	Comedy,Drama
tt2369317	nm0093589	2014	Comedy,Drama,Sci-Fi
tt2377322	nm0051509	2014	Horror,Mystery,Thriller
tt2378776	nm0066144	2015	Comedy
tt2379713	nm0910607	2015	Action,Adventure,Thriller
tt2381249	nm0670408	2015	Action,Adventure,Thriller
tt2381991	nm0000234	2016	Action,Adventure,Drama
tt2386490	nm1325419	2019	Action,Adventure,Animation
tt2388771	nm0785227	2018	Adventure,Drama,Family
tt2390237	nm0296545	2014	Comedy,Romance,Sport
tt2390237	nm0429069	2014	Comedy,Romance,Sport
tt2393845	nm0670408	2014	Comedy,Crime,Thriller
tt2395427	nm0749263	2015	Action,Adventure,Sci-Fi
tt2396046	nm0001191	2011	Documentary
tt2398241	nm0933988	2017	Adventure,Animation,Comedy
tt2398249	nm0748620	2014	Comedy,Romance
tt2402101	nm0000234	2015	Action,Drama,Mystery
tt2402101	nm1631269	2015	Action,Drama,Mystery
tt2404463	nm0565250	2013	Action,Comedy,Crime
tt2406566	nm0000234	2017	Action,Mystery,Thriller
tt2443822	nm0933988	2015	Drama,Horror,Thriller
tt2452254	nm1631269	2014	Drama
tt2452386	nm0748620	2016	Comedy,Drama
tt2461150	nm1325419	2016	Action,Comedy,Crime
tt2463288	nm0006969	2014	Comedy
tt2463512	nm1325419	2013	Drama,Romance
tt2474024	nm0447695	2014	Comedy,Drama,Musical
tt2479478	nm0001191	2015	Comedy,Western
tt2479800	nm0290556	2013	Drama
tt2481498	nm1374980	\N	Biography,Crime,Thriller
tt2490326	nm0933988	2014	Action,Comedy,Horror
tt2510028	nm0671567	2014	Drama,Thriller,Western
tt2510894	nm0001191	2015	Animation,Comedy,Family
tt2518788	nm1055413	2013	Documentary,History,Sport
tt2531344	nm0005182	2018	Comedy
tt2542490	nm0059431	2010	Adventure,Animation,Comedy
tt2547584	nm1055413	2016	Drama,Romance
tt2557490	nm0000234	2014	Comedy,Romance,Western
tt2569236	nm0000501	2013	Crime,Thriller
tt2576852	nm1631269	2013	Adventure,Animation,Drama
tt2617626	nm0066144	\N	Action,Crime,Thriller
tt2637294	nm0732497	2015	Comedy,Sci-Fi
tt2639254	nm0000701	2014	Drama,Romance
tt2639336	nm1631269	2018	Drama,Thriller
tt2652092	nm0000702	2014	Biography,Drama
tt2692134	nm1320827	2015	Drama
tt2702724	nm0565250	2016	Comedy
tt2702724	nm0068338	2016	Comedy
tt2713180	nm0503567	2014	Action,Drama,War
tt2713180	nm0671567	2014	Action,Drama,War
tt2751394	nm0051509	2013	Biography,Comedy,Documentary
tt2752736	nm0933988	2013	Adventure,Comedy,Family
tt2771372	nm0068338	2014	Crime,Drama,Mystery
tt2788710	nm0290556	2014	Comedy
tt2788710	nm0736622	2014	Comedy
tt2788710	nm1320827	2014	Comedy
tt2788710	nm0135221	2014	Comedy
tt2788716	nm1325419	2014	Comedy,Drama
tt2788732	nm0397171	2016	Action,Adventure,Comedy
tt2802136	nm0001337	2015	Comedy,Crime,Thriller
tt2823054	nm1374980	2016	Adventure,Comedy,Romance
tt2823054	nm0447695	2016	Adventure,Comedy,Romance
tt2825596	nm0290556	2018	Drama
tt2848292	nm0447695	2015	Comedy,Music
tt2854926	nm0429069	2018	Comedy
tt2884018	nm1055413	2015	Drama,History,War
tt2901548	nm1727100	2013	Action,Comedy,Drama
tt2908446	nm0000701	2015	Action,Adventure,Sci-Fi
tt2910904	nm0000701	2015	Comedy,Drama
tt2912522	nm1378320	2013	Comedy,Drama
tt2926554	nm0749263	2013	Documentary,Drama
tt2955096	nm0447695	2014	Comedy,Drama
tt2967224	nm0000702	2015	Action,Comedy,Crime
tt2992000	nm0290556	2015	Drama
tt3014284	nm2002649	2017	Action,Adventure,Animation
tt3026144	nm0290556	2014	Drama
tt3079380	nm0565250	2015	Action,Comedy,Crime
tt3079380	nm0126284	2015	Action,Comedy,Crime
tt3105662	nm0001288	2014	Comedy
tt3110958	nm0749263	2016	Action,Adventure,Comedy
tt3110958	nm2002649	2016	Action,Adventure,Comedy
tt3121332	nm1325419	2015	Drama
tt3149890	nm0066144	2016	Action,Crime,Drama
tt3172532	nm1325419	2015	Drama,Romance
tt3181400	nm0001435	2016	Action,Adventure,Animation
tt3183972	nm0093589	\N	Biography
tt3201640	nm0135221	2018	Sci-Fi,Thriller
tt3201640	nm0671567	2018	Sci-Fi,Thriller
tt3203616	nm0001191	2014	Comedy,Drama,Fantasy
tt3224036	nm0290556	2017	Fantasy,Horror,Sci-Fi
tt3262252	nm0290556	2015	Biography,Drama
tt3266284	nm1631269	2017	Crime,Drama,Mystery
tt3270108	nm0001337	2014	Drama,Family,Music
tt3286560	nm0000234	2016	Drama
tt3289712	nm0001337	2015	Comedy,Drama
tt3305308	nm1055413	2016	Action,Crime,Drama
tt3318750	nm0126284	2014	Comedy,Drama
tt3344694	nm0051509	2016	Drama,Romance
tt3385516	nm1055413	2016	Action,Adventure,Sci-Fi
tt3410834	nm0001099	2016	Action,Adventure,Mystery
tt3412884	nm0000501	2016	Drama
tt3416668	nm0330687	\N	Sci-Fi,Thriller
tt3442006	nm0447695	2014	Drama
tt3450958	nm0785227	2017	Action,Adventure,Drama
tt3462710	nm0001337	2017	Drama,Thriller
tt3469046	nm1325419	2017	Action,Adventure,Animation
tt3470600	nm0000702	2016	Animation,Comedy,Family
tt3488710	nm0330687	2015	Adventure,Biography,Crime
tt3501062	nm0933988	\N	Adventure,Animation,Comedy
tt3501632	nm0749263	2017	Action,Adventure,Comedy
tt3513548	nm1706767	\N	Drama
tt3519772	nm0290556	2016	Drama,Thriller,War
tt3521126	nm0290556	2017	Biography,Comedy,Drama
tt3521126	nm2002649	2017	Biography,Comedy,Drama
tt3521126	nm0310966	2017	Biography,Comedy,Drama
tt3521126	nm0736622	2017	Biography,Comedy,Drama
tt3530002	nm0330687	2015	Adventure,Comedy,Fantasy
tt3530002	nm0736622	2015	Adventure,Comedy,Fantasy
tt3530002	nm3255459	2015	Adventure,Comedy,Fantasy
tt3530002	nm0135221	2015	Adventure,Comedy,Fantasy
tt3531824	nm2002649	2016	Action,Adventure,Crime
tt3534282	nm1144419	2015	Adventure,Comedy,Drama
tt3563782	nm0671567	2014	Documentary,History,News
tt3638396	nm1378320	2015	Drama,Mystery
tt3640682	nm0798971	2015	Drama
tt3651804	nm0170550	2015	Comedy,Drama
tt3652862	nm0732497	2016	Comedy,Drama,Romance
tt3659388	nm1325419	2015	Adventure,Drama,Sci-Fi
tt3704700	nm1631269	2016	Biography,Drama
tt3706352	nm0931329	\N	Thriller
tt3708886	nm0671567	2016	Action,Comedy
tt3713030	nm0290556	2015	Biography,Drama,Romance
tt3714720	nm0447695	2016	Comedy,Drama,Romance
tt3721964	nm0000234	2018	Action,Comedy,Crime
tt3729594	nm0135221	2019	Action,Adventure,Fantasy
tt3774114	nm0330687	2016	Biography,Drama,Thriller
tt3774466	nm0798971	2015	Comedy,Drama,Romance
tt3778644	nm2255973	2018	Action,Adventure,Fantasy
tt3784042	nm0000501	2016	Comedy,Drama,Family
tt3787590	nm1374980	2015	Drama,Music,Romance
tt3797512	nm1325419	\N	Comedy
tt3799694	nm0093589	2016	Action,Comedy,Crime
tt3829884	nm0001288	2015	Comedy,Drama,Romance
tt3859304	nm0170550	2015	Comedy,Drama,Sport
tt3874544	nm0001435	2017	Animation,Comedy,Family
tt3896178	nm0290556	\N	Biography,Drama
tt3960412	nm0798971	2016	Comedy,Music
tt4034228	nm0931329	2016	Drama
tt4049962	nm0736622	\N	Comedy
tt4049962	nm2355635	\N	Comedy
tt4061010	nm0000501	2015	Thriller
tt4061952	nm0434712	\N	Animation
tt4076926	nm0290556	2015	Comedy,Drama
tt4131800	nm0671567	2017	Adventure,Animation,Comedy
tt4151800	nm0290556	2011	Documentary
tt4181052	nm0051509	2016	Comedy
tt4193394	nm0503567	2016	Drama,Romance
tt4218708	nm0565250	\N	Adventure,Comedy
tt4269118	nm0170550	\N	Horror
tt4289456	nm0434712	2018	Documentary
tt4302938	nm0000234	2016	Adventure,Animation,Family
tt4357198	nm0503567	\N	Drama,Thriller
tt4390076	nm0001288	2015	Documentary
tt4411618	nm0290556	2016	Drama
tt4426464	nm0290556	2018	Animation
tt4429160	nm1631269	2018	Animation
tt4433970	nm0429069	2015	Comedy,Drama,Romance
tt4438848	nm0736622	2016	Comedy
tt4438848	nm0126284	2016	Comedy
tt4438848	nm1374980	2016	Comedy
tt4438848	nm1631269	2016	Comedy
tt4442130	nm0290556	2015	Crime,Drama,Western
tt4463816	nm0670408	2018	Drama,Thriller
tt4468634	nm0931329	2016	Drama
tt4501244	nm0290556	2016	Comedy
tt4501454	nm0126284	2015	Comedy,Drama,Romance
tt4517574	nm0434712	2015	Documentary,Drama,History
tt4520988	nm0068338	2019	Adventure,Animation,Comedy
tt4527254	nm0749263	2016	Documentary
tt4572792	nm0798971	2017	Crime,Drama,Thriller
tt4577974	nm0290556	2017	Drama
tt4585910	nm0290556	2018	Drama
tt4595882	nm0565250	2018	Biography,Comedy,Drama
tt4602066	nm0748620	2018	Biography,Drama,War
tt4602066	nm0001099	2018	Biography,Drama,War
tt4622512	nm0798971	2017	Biography,Comedy,Drama
tt4624424	nm0001288	2016	Adventure,Animation,Comedy
tt4625330	nm2255973	2014	\N
tt4651520	nm0068338	2016	Comedy
tt4659082	nm0290556	2014	Drama
tt4669252	nm0910607	2018	Biography,Crime,Drama
tt4682786	nm0000701	2016	Drama,Romance
tt4682786	nm0671567	2016	Drama,Romance
tt4729430	nm0429069	\N	Animation
tt4762824	nm1144419	2018	Comedy
tt4765284	nm0447695	2017	Comedy,Music
tt4769836	nm0001191	2016	Action,Adventure,Comedy
tt4779682	nm0933988	2018	Action,Horror,Sci-Fi
tt4877122	nm0267506	2017	Adventure,Animation,Comedy
tt4881806	nm0397171	2018	Action,Adventure,Sci-Fi
tt4915672	nm0001288	2018	Action,Adventure
tt4996022	nm0059431	2016	Drama,Romance
tt5028598	nm1320827	2017	Comedy,Drama,Family
tt5079484	nm0330687	\N	Thriller
tt5095030	nm0748620	2018	Action,Adventure,Sci-Fi
tt5097410	nm0447695	\N	Family,Fantasy
tt5112584	nm0000701	\N	Biography,Drama
tt5124396	nm0290556	2018	Thriller
tt5178234	nm0006969	\N	Drama,War
tt5208216	nm0931329	2017	Drama,Family,Mystery
tt5220122	nm0001191	2018	Animation,Comedy,Family
tt5222768	nm0429069	2018	Adventure,Animation
tt5249200	nm0290556	2017	Drama
tt5249200	nm0429069	2017	Drama
tt5267482	nm0785227	\N	Fantasy
tt5270464	nm0748620	2015	Documentary
tt5294550	nm0931329	2017	Biography,Crime,Drama
tt5314190	nm0503567	2018	Adventure,Animation,Family
tt5420886	nm0093589	2017	Adventure,Drama,Mystery
tt5441370	nm0330687	\N	Comedy,Musical
tt5460880	nm0748620	2017	Comedy,Drama
tt5462390	nm1374980	\N	Drama
tt5485526	nm0006969	\N	Drama
tt5517318	nm0330687	\N	Drama,History,War
tt5536736	nm0001191	2017	Comedy,Drama
tt5559544	nm0933988	2017	Drama
tt5563306	nm0503567	\N	Thriller
tt5574372	nm0748620	2016	Animation,Comedy
tt5580252	nm0290556	2017	Drama,Thriller
tt5603256	nm0441042	2016	Comedy,Romance
tt5607096	nm0126284	2018	Comedy,Drama,Music
tt5610554	nm0000234	2018	Comedy
tt5611424	nm1378320	2017	Comedy,Horror,Thriller
tt5619332	nm0565250	2018	Comedy
tt5639446	nm0093589	\N	Drama,Sci-Fi
tt5657848	nm3255459	\N	Comedy
tt5666304	nm2002649	2017	Comedy,Romance
tt5699180	nm0290556	2018	Drama
tt5719700	nm0000702	2017	Comedy,Drama,Romance
tt5727208	nm1706767	\N	Crime,Drama,Mystery
tt5737536	nm0290556	2018	Sci-Fi
tt5765844	nm1055413	\N	Action,Comedy,Crime
tt5788136	nm0290556	2017	Thriller
tt5798014	nm3255459	\N	Comedy
tt5801530	nm0001099	2016	Documentary
tt5822564	nm0565250	\N	Action,Crime,Drama
tt5825380	nm0000701	2017	Drama
tt5848272	nm0068338	2018	Adventure,Animation,Comedy
tt5851894	nm0001288	\N	Action
tt5866708	nm0290556	2014	Drama
tt5893332	nm0001191	2017	Comedy
tt5933560	nm0933988	2017	Comedy
tt5986204	nm0008533	2016	Comedy
tt6010628	nm0429069	2018	Romance
tt6014408	nm0290556	2017	Action
tt6015256	nm0290556	2017	Action
tt6017942	nm0290556	2018	Action,Sci-Fi
tt6085642	nm1378320	2017	Adventure,Comedy
tt6105098	nm2255973	2019	Adventure,Animation,Drama
tt6105098	nm0441042	2019	Adventure,Animation,Drama
tt6105098	nm0736622	2019	Adventure,Animation,Drama
tt6105098	nm0434712	2019	Adventure,Animation,Drama
tt6142496	nm2002649	2018	Drama
tt6173484	nm2355635	2018	Comedy
tt6175234	nm0441042	2017	Comedy,Drama
tt6213952	nm0093589	2017	Drama,Romance
tt6217926	nm0931329	\N	Drama,Musical
tt6257174	nm1631269	2018	Comedy,Drama,Romance
tt6259068	nm0429069	2016	Documentary
tt6259380	nm1378320	2018	Sci-Fi
tt6288124	nm1706767	2018	Biography,Comedy,Drama
tt6341542	nm1325419	\N	Comedy,Musical
tt6359956	nm0068338	2017	Adventure,Comedy
tt6388074	nm0093589	2018	Drama
tt6423886	nm2355635	2018	Comedy
tt6436726	nm0330687	\N	Drama
tt6513872	nm1325419	\N	Comedy,Drama
tt6518270	nm0732497	2018	Comedy
tt6565702	nm1055413	2018	Action,Adventure,Sci-Fi
tt6572702	nm0296545	2017	Animation,Comedy,Family
tt6587640	nm0447695	2020	Adventure,Animation,Comedy
tt6599206	nm0001288	2017	Documentary
tt6744360	nm0670408	2018	Drama
tt6791096	nm0931329	2018	Comedy
tt6808782	nm0290556	2013	Drama
tt6821012	nm0001191	2018	Comedy
tt6881230	nm0931329	2018	Crime,Drama,Mystery
tt6890542	nm1631269	\N	Drama,Romance
tt6905696	nm0670408	2018	Comedy,Horror
tt6910006	nm0503567	2018	Drama
tt7008874	nm0565250	2019	Comedy,Musical
tt7026676	nm0000702	\N	Drama
tt7040874	nm0447695	2018	Crime,Mystery,Thriller
tt7078658	nm0447695	\N	Comedy
tt7125860	nm2002649	2018	Crime,Drama,Romance
tt7126948	nm1325419	2019	Action,Adventure,Fantasy
tt7133686	nm0290556	2018	Action,Adventure,Animation
tt7133686	nm0671567	2018	Action,Adventure,Animation
tt7170950	nm0068338	2018	Comedy
tt7170950	nm0736622	2018	Comedy
tt7170950	nm0001288	2018	Comedy
tt7170950	nm2699047	2018	Comedy
tt7178640	nm0565250	\N	Action,Comedy
tt7235456	nm0059431	\N	Drama,Horror
tt7241980	nm0565250	\N	Drama
tt7260048	nm2355635	2017	Drama
tt7264080	nm1631269	2017	Comedy,Drama
tt7264080	nm0126284	2017	Comedy,Drama
tt7322012	nm0000702	\N	Drama
tt7374948	nm1320827	\N	Comedy
tt7401588	nm0126284	2019	Comedy
tt7424200	nm0068338	2018	Action,Animation,Comedy
tt7604980	nm0001099	2017	Documentary,Music
tt7641882	nm0290556	\N	Action,Adventure,Sci-Fi
tt7671064	nm3255459	\N	Drama
tt7736460	nm0749263	2018	Biography,Drama
tt7736460	nm0503567	2018	Biography,Drama
tt7736460	nm0736622	2018	Biography,Drama
tt7752126	nm0006969	\N	Horror
tt7823910	nm0296545	2018	Comedy
tt7860270	nm0068338	2018	Documentary
tt7874330	nm0749263	2017	Documentary
tt7890826	nm0000701	2019	Action,Adventure,Animation
tt7890826	nm0290556	2019	Action,Adventure,Animation
tt7893692	nm0267506	2003	Comedy
tt7904560	nm0008533	2019	Sci-Fi
tt8000718	nm0051509	\N	Thriller
